Year	State	Arica y Parinacota	Tarapacá	Antofagasta	Atacama	Coquimbo	Valparaíso	Metropolitana	O'Higgins	Maule	Bíobío	Araucanía             	Los Ríos	Los Lagos	Aysén	Magallanes
2012	Áreas Verdes	5.3	3479.0	2556.0	2154.0	107.0	35.0	12.0	0.0	0.029771841958820256	0.004694835680751174	0.0                    	3874.1	3874.1	3874.1	3874.1
2012	Pob. Inmigrante	12.4	495.0	361.0	289.0	23.0	18.0	10.0	7.0	0.044573643410852716	0.027700831024930747	0.02422145328719723    	5896.2	5896.2	5896.2	5896.2
2012	Viv. Colectivas	4.1	4314.0	2500.0	2100.0	1396.0	989.0	516.0	400.0	0.2870655973678799	0.18349928876244664	0.16583747927031509    	4569.2	4569.2	4569.2	4569.2
																
																
